{
  "cv_mean_accuracy": 0.9583333333333334,
  "cv_std_accuracy": 0.026352313834736508,
  "test_accuracy": 0.9333333333333333,
  "confusion_matrix": [
    [
      10,
      0,
      0
    ],
    [
      0,
      9,
      1
    ],
    [
      0,
      1,
      9
    ]
  ],
  "classification_report": {
    "setosa": {
      "precision": 1.0,
      "recall": 1.0,
      "f1-score": 1.0,
      "support": 10.0
    },
    "versicolor": {
      "precision": 0.9,
      "recall": 0.9,
      "f1-score": 0.9,
      "support": 10.0
    },
    "virginica": {
      "precision": 0.9,
      "recall": 0.9,
      "f1-score": 0.9,
      "support": 10.0
    },
    "accuracy": 0.9333333333333333,
    "macro avg": {
      "precision": 0.9333333333333332,
      "recall": 0.9333333333333332,
      "f1-score": 0.9333333333333332,
      "support": 30.0
    },
    "weighted avg": {
      "precision": 0.9333333333333333,
      "recall": 0.9333333333333333,
      "f1-score": 0.9333333333333333,
      "support": 30.0
    }
  }
}